<?xml version="1.0" encoding="UTF-8"?>
<project-private xmlns="http://www.netbeans.org/ns/project-private/1">
    <editor-bookmarks xmlns="http://www.netbeans.org/ns/editor-bookmarks/2" lastBookmarkId="0"/>
    <open-files xmlns="http://www.netbeans.org/ns/projectui-open-files/2">
        <group>
            <file>file:/C:/Users/USUARIO/Documents/NetBeansProjects/biblioteca/src/Models/UsuariosDao.java</file>
            <file>file:/C:/Users/USUARIO/Documents/NetBeansProjects/biblioteca/src/Models/LibrosDao.java</file>
            <file>file:/C:/Users/USUARIO/Documents/NetBeansProjects/biblioteca/src/Views/FrmPanel.java</file>
            <file>file:/C:/Users/USUARIO/Documents/NetBeansProjects/biblioteca/src/Models/AutorDao.java</file>
            <file>file:/C:/Users/USUARIO/Documents/NetBeansProjects/biblioteca/src/Views/FrmLogin.java</file>
        </group>
    </open-files>
</project-private>
